{"f910338e60315f02812b05e932068f47": {"1028d033d74dd2e24f67": {"labels": {"engagement": ["Tarmac", "Asphalt", "Road", "Runway", "Zebra Crossing"], "click_through": ["Tarmac", "Asphalt", "Road", "Runway", "Zebra Crossing"]}, "text": {"engagement": ["Amazing Hong Kong", "air", "deals!", "Swipe Up", "BEST", "OF ALL", "IT'S IN", "HONG", "KONG"], "click_through": ["Amazing Hong Kong", "air", "deals!", "Swipe Up", "BEST", "OF ALL", "IT'S IN", "HONG", "KONG"]}, "colors": {"engagement": {"1": {"red": 155, "green": 153, "blue": 165, "proportion": 0.20521672420406598, "saturation": 0.06250000000000007, "luminosity": 0.6235294117647059}, "2": {"red": 31, "green": 39, "blue": 58, "proportion": 0.14250095895665515, "saturation": 0.30337078651685395, "luminosity": 0.17450980392156862}, "3": {"red": 10, "green": 24, "blue": 35, "proportion": 0.13521288837744533, "saturation": 0.5555555555555556, "luminosity": 0.08823529411764706}, "4": {"red": 68, "green": 100, "blue": 154, "proportion": 0.11814345991561181, "saturation": 0.3873873873873873, "luminosity": 0.43529411764705883}, "5": {"red": 51, "green": 74, "blue": 117, "proportion": 0.11258151131568853, "saturation": 0.3928571428571428, "luminosity": 0.32941176470588235}, "6": {"red": 51, "green": 61, "blue": 80, "proportion": 0.09762178749520521, "saturation": 0.2213740458015267, "luminosity": 0.2568627450980392}, "7": {"red": 103, "green": 129, "blue": 167, "proportion": 0.09225163022631377, "saturation": 0.26666666666666666, "luminosity": 0.5294117647058824}, "8": {"red": 123, "green": 107, "blue": 104, "proportion": 0.0364403528960491, "saturation": 0.08370044052863439, "luminosity": 0.44509803921568625}, "9": {"red": 205, "green": 210, "blue": 221, "proportion": 0.03413885692366705, "saturation": 0.19047619047619052, "luminosity": 0.8352941176470589}, "10": {"red": 123, "green": 25, "blue": 50, "proportion": 0.025891829689298044, "saturation": 0.6621621621621622, "luminosity": 0.2901960784313726}}, "click_through": {}}, "videos_data": {"has_video": 0}, "eng_type": {"eng_type": "swipe"}, "direction": {"direction": "up"}, "countries": ["United States"]}}, "444e104ea378baae87997c41eec5b2ff": {"9e1c545a4b490a7c3088": {"labels": {"engagement": [], "click_through": []}, "text": {"engagement": ["OREO EDO", "HOBEFLEIJOREO", "OREO", "...", "c 1997 Nintendo, Creatures. GAME FREAK. TV Tokyo, ShoPro, JR Kikaku.", "Pokemon. TM and are trademarks of Nintendo.", "For", "promotional use in Hong Kong only Licensed by Mighty Media Co..Ld."], "click_through": ["OREO EDO", "HOBEFLEIJOREO", "OREO", "...", "c 1997 Nintendo, Creatures. GAME FREAK. TV Tokyo, ShoPro, JR Kikaku.", "Pokemon. TM and are trademarks of Nintendo.", "For", "promotional use in Hong Kong only Licensed by Mighty Media Co..Ld."]}, "colors": {"engagement": {"1": {"red": 182, "green": 127, "blue": 57, "proportion": 0.1837360951285002, "saturation": 0.5230125523012553, "luminosity": 0.46862745098039216}, "2": {"red": 50, "green": 52, "blue": 54, "proportion": 0.15477560414269276, "saturation": 0.038461538461538464, "luminosity": 0.20392156862745098}, "3": {"red": 1, "green": 82, "blue": 167, "proportion": 0.11929420790180284, "saturation": 0.9880952380952381, "luminosity": 0.32941176470588235}, "4": {"red": 247, "green": 213, "blue": 8, "proportion": 0.10836210203298811, "saturation": 0.9372549019607844, "luminosity": 0.5}, "5": {"red": 2, "green": 117, "blue": 197, "proportion": 0.09532029152282318, "saturation": 0.9798994974874372, "luminosity": 0.39019607843137255}, "6": {"red": 10, "green": 161, "blue": 227, "proportion": 0.09455312619869582, "saturation": 0.9156118143459916, "luminosity": 0.46470588235294114}, "7": {"red": 121, "green": 99, "blue": 62, "proportion": 0.09148446490218642, "saturation": 0.3224043715846994, "luminosity": 0.3588235294117647}, "8": {"red": 238, "green": 215, "blue": 161, "proportion": 0.0805523590333717, "saturation": 0.6936936936936937, "luminosity": 0.7823529411764706}, "9": {"red": 140, "green": 160, "blue": 182, "proportion": 0.04372842347525892, "saturation": 0.22340425531914895, "luminosity": 0.6313725490196078}, "10": {"red": 236, "green": 237, "blue": 241, "proportion": 0.02819332566168009, "saturation": 0.151515151515151, "luminosity": 0.9352941176470588}}, "click_through": {}}, "videos_data": {"has_video": 0}, "direction": {"direction": "no direction"}, "countries": [-1]}}, "988c2b4ece7a909bccc88bc7d3168348": {"a034c30acd4658d468a4": {"labels": {"engagement": ["Person", "Human", "Face", "Dating"], "click_through": ["Symbol", "Trademark", "Logo", "Outer Space", "Night", "Moon", "Universe", "Astronomy", "Outdoors", "Space", "Nature", "Label", "Text", "Person", "Human", "Shoe", "Apparel", "Clothing", "Footwear", "Leisure Activities", "Musical Instrument", "Guitar", "Face", "Electronics", "Phone", "Flag", "Mobile Phone", "Cell Phone", "Iphone", "Interior Design", "Indoors", "Dating"]}, "text": {"engagement": ["1001"], "click_through": ["D 10%", "0)))", "COFFEE", "210%E7 0%", ",50", "HSBC", "#", "Issued by The Hongkong and Shanghai Banking Corporation Limited", "%", ",", ",5", ",500", "1001"]}, "colors": {"engagement": {"1": {"red": 176, "green": 164, "blue": 153, "proportion": 0.1411371237458194, "saturation": 0.1270718232044199, "luminosity": 0.6450980392156862}, "2": {"red": 236, "green": 225, "blue": 212, "proportion": 0.14046822742474915, "saturation": 0.38709677419354854, "luminosity": 0.8784313725490196}, "3": {"red": 197, "green": 193, "blue": 192, "proportion": 0.1354515050167224, "saturation": 0.041322314049586854, "luminosity": 0.7627450980392156}, "4": {"red": 155, "green": 136, "blue": 121, "proportion": 0.1117056856187291, "saturation": 0.14529914529914528, "luminosity": 0.5411764705882353}, "5": {"red": 220, "green": 181, "blue": 157, "proportion": 0.11103678929765887, "saturation": 0.4736842105263159, "luminosity": 0.7392156862745098}, "6": {"red": 76, "green": 47, "blue": 47, "proportion": 0.09331103678929765, "saturation": 0.23577235772357721, "luminosity": 0.2411764705882353}, "7": {"red": 199, "green": 146, "blue": 118, "proportion": 0.08561872909698996, "saturation": 0.4196891191709844, "luminosity": 0.6215686274509804}, "8": {"red": 159, "green": 111, "blue": 84, "proportion": 0.07792642140468227, "saturation": 0.308641975308642, "luminosity": 0.4764705882352941}, "9": {"red": 104, "green": 102, "blue": 107, "proportion": 0.056856187290969896, "saturation": 0.023923444976076538, "luminosity": 0.40980392156862744}, "10": {"red": 130, "green": 65, "blue": 61, "proportion": 0.04648829431438127, "saturation": 0.3612565445026177, "luminosity": 0.37450980392156863}}, "click_through": {"1": {"red": 253, "green": 252, "blue": 252, "proportion": 0.24639423076923078, "saturation": 0.2, "luminosity": 0.9901960784313726}, "2": {"red": 186, "green": 166, "blue": 157, "proportion": 0.12626631181318682, "saturation": 0.17365269461077837, "luminosity": 0.6725490196078432}, "3": {"red": 157, "green": 138, "blue": 127, "proportion": 0.12594436813186813, "saturation": 0.13274336283185845, "luminosity": 0.5568627450980392}, "4": {"red": 218, "green": 200, "blue": 195, "proportion": 0.12036401098901099, "saturation": 0.23711340206185572, "luminosity": 0.8098039215686275}, "5": {"red": 74, "green": 105, "blue": 81, "proportion": 0.10557606456043957, "saturation": 0.1731843575418994, "luminosity": 0.3509803921568627}, "6": {"red": 219, "green": 4, "blue": 20, "proportion": 0.10549021291208792, "saturation": 0.9641255605381165, "luminosity": 0.4372549019607843}, "7": {"red": 128, "green": 105, "blue": 92, "proportion": 0.08280391483516483, "saturation": 0.16363636363636364, "luminosity": 0.43137254901960786}, "8": {"red": 73, "green": 53, "blue": 48, "proportion": 0.05043784340659341, "saturation": 0.20661157024793386, "luminosity": 0.2372549019607843}, "9": {"red": 4, "green": 5, "blue": 4, "proportion": 0.029661744505494504, "saturation": 0.1111111111111111, "luminosity": 0.01764705882352941}, "10": {"red": 244, "green": 226, "blue": 27, "proportion": 0.007061298076923077, "saturation": 0.9079497907949793, "luminosity": 0.5313725490196078}}}, "videos_data": {"has_video": 0}, "direction": {"direction": "no direction"}, "adunit_sizes": {"size_x": 600, "size_y": 900}, "countries": [-1]}}, "06653b2a4fa8d2652bb7bca2100aefca": {"acf7bfc2db5043ca0d0b": {"labels": {"engagement": ["Ashtray"], "click_through": ["Person", "Human", "Face", "Oven", "Appliance", "Burner", "Electrical Device", "Stove", "Building", "Urban", "City", "Town", "Clothing", "Shoe", "Footwear", "Apparel", "Pants", "Grass", "Plant", "People", "Indoors", "Room", "Kitchen", "Warehouse", "Road", "Vehicle", "Car", "Automobile", "Transportation", "Machine", "Truck", "Text", "Logo", "Trademark", "Symbol", "Gas Stove", "Snake", "Animal", "Reptile", "Sports", "Exercise", "Sport", "Fitness", "Working Out", "Yoga", "Ashtray"]}, "text": {"engagement": ["ExonMobil", "Tap and hold"], "click_through": ["ExxonMobil", "ExonMobil", "ExonMiobil", "DLT1R", "Z 3890", "RE", "www.energyfactor.in", "Yoga in the park is", "rejuvenating, when", "the air is cleaner.", "Natural gas can help Delhi", "lower its emissions", "Tap and hold"]}, "colors": {"engagement": {"1": {"red": 21, "green": 5, "blue": 21, "proportion": 0.3426739926739927, "saturation": 0.6153846153846154, "luminosity": 0.050980392156862744}, "2": {"red": 51, "green": 26, "blue": 6, "proportion": 0.19047619047619047, "saturation": 0.7894736842105263, "luminosity": 0.11176470588235295}, "3": {"red": 70, "green": 47, "blue": 5, "proportion": 0.1661172161172161, "saturation": 0.8666666666666668, "luminosity": 0.14705882352941177}, "4": {"red": 73, "green": 75, "blue": 82, "proportion": 0.10805860805860806, "saturation": 0.05806451612903232, "luminosity": 0.303921568627451}, "5": {"red": 57, "green": 52, "blue": 49, "proportion": 0.07417582417582418, "saturation": 0.07547169811320754, "luminosity": 0.20784313725490197}, "6": {"red": 253, "green": 251, "blue": 251, "proportion": 0.057509157509157506, "saturation": 0.3333333333333365, "luminosity": 0.9882352941176471}, "7": {"red": 144, "green": 135, "blue": 136, "proportion": 0.020879120879120878, "saturation": 0.038961038961038946, "luminosity": 0.5470588235294118}, "8": {"red": 126, "green": 98, "blue": 27, "proportion": 0.017216117216117217, "saturation": 0.6470588235294118, "luminosity": 0.3}, "9": {"red": 203, "green": 189, "blue": 192, "proportion": 0.014652014652014652, "saturation": 0.11864406779660995, "luminosity": 0.7686274509803921}, "10": {"red": 254, "green": 106, "blue": 111, "proportion": 0.008241758241758242, "saturation": 0.9866666666666667, "luminosity": 0.7058823529411765}}, "click_through": {"1": {"red": 18, "green": 7, "blue": 23, "proportion": 0.33420788868580864, "saturation": 0.5333333333333333, "luminosity": 0.058823529411764705}, "2": {"red": 68, "green": 80, "blue": 90, "proportion": 0.1704891614095081, "saturation": 0.13924050632911397, "luminosity": 0.30980392156862746}, "3": {"red": 55, "green": 37, "blue": 21, "proportion": 0.13182202307253896, "saturation": 0.4473684210526317, "luminosity": 0.14901960784313725}, "4": {"red": 74, "green": 62, "blue": 48, "proportion": 0.11484189218403003, "saturation": 0.2131147540983607, "luminosity": 0.23921568627450981}, "5": {"red": 38, "green": 47, "blue": 61, "proportion": 0.06945345203702612, "saturation": 0.23232323232323235, "luminosity": 0.19411764705882353}, "6": {"red": 41, "green": 100, "blue": 136, "proportion": 0.060806163158618795, "saturation": 0.536723163841808, "luminosity": 0.34705882352941175}, "7": {"red": 115, "green": 108, "blue": 87, "proportion": 0.04129080439439498, "saturation": 0.1386138613861386, "luminosity": 0.39607843137254906}, "8": {"red": 138, "green": 149, "blue": 151, "proportion": 0.026629719159640745, "saturation": 0.05882352941176476, "luminosity": 0.5666666666666667}, "9": {"red": 244, "green": 248, "blue": 251, "proportion": 0.025804296130338227, "saturation": 0.4666666666666658, "luminosity": 0.9705882352941176}, "10": {"red": 174, "green": 199, "blue": 214, "proportion": 0.024654599768095434, "saturation": 0.3278688524590165, "luminosity": 0.7607843137254902}}}, "videos_data": {"has_video": 1, "number_of_videos": 1, "videos_length": {"2b5ea91cc1ff9029f33125d48411eba1": 15.0}}, "eng_type": {"eng_type": null}, "direction": {"direction": "no direction"}, "adunit_sizes": {"size_x": 600, "size_y": 500}, "countries": ["India"]}}, "ffaa0f351ee62e98a7d0e8f5fd6f78f1": {"57adef6d764fcf32199b": {"labels": {"engagement": ["Word", "Advertisement", "Poster", "Text", "Person", "Human", "Paper", "Flyer", "Brochure", "Alphabet"], "click_through": ["Text", "Word", "Label", "Clothing", "Apparel", "Person", "Human", "Sleeve", "Female", "Long Sleeve", "Kid", "Girl", "Teen", "Blonde", "Woman", "Child", "Coat", "Overcoat", "Suit", "Alphabet", "Business Card", "Paper", "Poster", "Advertisement", "Face", "Flyer", "Brochure"]}, "text": {"engagement": ["Westheld", "LES 4 TEMPS", "BACK", "TOGETHER", "Balayez votre cran pour commencer votre shopping", "*Tous reunis"], "click_through": ["BALIBARIS", "HOLLISTER", "POLO RALPH", "LAUREN", "PULL & BEAR", "SANDRO", "POLO RALPH LAUREN", "Tous/euris", "\"Tous rouris", "\"Toujreuris", "Westheld", "LES 4 TEMPS", "FORUM DESHALLES", "MAISONS DU MONDE", "FNAC", "LA GRANDE RECRE", "UGC", "NATURE & DECOUVERTES", "Westhield", "PARLY 2", "BACK", "TOGETHER", "Balayez votre cran pour commencer votre shopping", "*Tous reunis"]}, "colors": {"engagement": {"1": {"red": 254, "green": 254, "blue": 254, "proportion": 0.5613275613275613, "saturation": 0.0, "luminosity": 0.996078431372549}, "2": {"red": 232, "green": 229, "blue": 228, "proportion": 0.10822510822510822, "saturation": 0.07999999999999968, "luminosity": 0.9019607843137255}, "3": {"red": 210, "green": 200, "blue": 199, "proportion": 0.08008658008658008, "saturation": 0.1089108910891088, "luminosity": 0.8019607843137255}, "4": {"red": 187, "green": 175, "blue": 173, "proportion": 0.07792207792207792, "saturation": 0.0933333333333332, "luminosity": 0.7058823529411764}, "5": {"red": 138, "green": 94, "blue": 79, "proportion": 0.045454545454545456, "saturation": 0.2718894009216589, "luminosity": 0.42549019607843136}, "6": {"red": 179, "green": 135, "blue": 126, "proportion": 0.04401154401154401, "saturation": 0.25853658536585356, "luminosity": 0.5980392156862745}, "7": {"red": 52, "green": 101, "blue": 115, "proportion": 0.024531024531024532, "saturation": 0.37724550898203596, "luminosity": 0.32745098039215687}, "8": {"red": 112, "green": 142, "blue": 156, "proportion": 0.023088023088023088, "saturation": 0.18181818181818188, "luminosity": 0.5254901960784314}, "9": {"red": 70, "green": 51, "blue": 46, "proportion": 0.022366522366522368, "saturation": 0.20689655172413796, "luminosity": 0.2274509803921569}, "10": {"red": 245, "green": 123, "blue": 122, "proportion": 0.012987012987012988, "saturation": 0.8601398601398604, "luminosity": 0.7196078431372549}}, "click_through": {"1": {"red": 254, "green": 254, "blue": 254, "proportion": 0.5737793363906124, "saturation": 0.0, "luminosity": 0.996078431372549}, "2": {"red": 188, "green": 181, "blue": 178, "proportion": 0.06384317957018254, "saturation": 0.06944444444444459, "luminosity": 0.7176470588235294}, "3": {"red": 76, "green": 99, "blue": 89, "proportion": 0.061595180289542306, "saturation": 0.13142857142857145, "luminosity": 0.3431372549019608}, "4": {"red": 226, "green": 221, "blue": 219, "proportion": 0.058537901267871596, "saturation": 0.10769230769230771, "luminosity": 0.8725490196078431}, "5": {"red": 140, "green": 76, "blue": 61, "proportion": 0.05745886161316428, "saturation": 0.39303482587064675, "luminosity": 0.3941176470588236}, "6": {"red": 173, "green": 110, "blue": 100, "proportion": 0.04765758474957288, "saturation": 0.3080168776371308, "luminosity": 0.5352941176470588}, "7": {"red": 127, "green": 133, "blue": 143, "proportion": 0.04064382699397536, "saturation": 0.06666666666666667, "luminosity": 0.5294117647058824}, "8": {"red": 209, "green": 139, "blue": 133, "proportion": 0.03533854869166442, "saturation": 0.4523809523809523, "luminosity": 0.6705882352941177}, "9": {"red": 9, "green": 97, "blue": 98, "proportion": 0.033360309324701014, "saturation": 0.8317757009345795, "luminosity": 0.20980392156862746}, "10": {"red": 44, "green": 49, "blue": 52, "proportion": 0.027785271108713244, "saturation": 0.08333333333333333, "luminosity": 0.18823529411764706}}}, "videos_data": {"has_video": 1, "number_of_videos": 1, "videos_length": {"abb1df268401f74dc25f45e618201bd5": 10.09}}, "eng_type": {"eng_type": "swipe"}, "direction": {"direction": "no direction"}, "adunit_sizes": {"size_x": 600, "size_y": 500}}}, "d7c5bf54f39eb745b553d06813cffb23": {"5145b65ed94820a0605c": {"labels": {"engagement": ["Vehicle", "Transportation", "Automobile", "Car", "Sedan", "Bumper", "Wheel", "Machine", "Spoke", "Tire"], "click_through": ["Symbol", "Trademark", "Logo", "Text", "Vehicle", "Transportation", "Car", "Automobile", "Sports Car", "Nature", "Coupe", "Outdoors", "Snow", "Light", "Flare", "Tree", "Plant", "Sedan", "Machine", "Wheel", "Tractor", "Winter", "Blizzard", "Storm", "Weather", "Poster", "Advertisement", "Paper", "Flyer", "Brochure", "Tire", "Word", "Alphabet", "Label", "Suv", "Bumper", "Mountain", "Ice", "Mountain Range", "Peak", "Glacier", "Spoke"]}, "text": {"engagement": ["DLEXUS", "SCRUB THE SCREEN", "TO DISCOVER THE POWER OF"], "click_through": ["EXPERIENCE AMAZING", "lexus.com", "Professional driver on a closed course. Do not attempt.", "Options shown", "Dramatization.", "Dramalization", "LEXLS", "LEXUS ALL-WHEEL DRIVE", "NOW AVAILABLE AT", "YOUR ANCHORAGE DEALERSHIP.", "BUILD YOUR LEXUS", "SCRUB THE SCREEN", "TO DISCOVER THE POWEROF", "YOUR DENVER DEALERSHIP.", "NOW AVAILABLE AT YOUR", "COLORADO SPRINGS", "DEALERSHIP.", "COLORADO SPRINGS DEALERSHIP.", "DLEXUS", "TO DISCOVER THE POWER OF"]}, "colors": {"engagement": {"1": {"red": 248, "green": 243, "blue": 231, "proportion": 0.2779973649538867, "saturation": 0.5483870967741938, "luminosity": 0.9392156862745098}, "2": {"red": 128, "green": 100, "blue": 97, "proportion": 0.1067193675889328, "saturation": 0.1377777777777778, "luminosity": 0.4411764705882353}, "3": {"red": 93, "green": 78, "blue": 82, "proportion": 0.1067193675889328, "saturation": 0.08771929824561396, "luminosity": 0.33529411764705885}, "4": {"red": 182, "green": 124, "blue": 107, "proportion": 0.10540184453227931, "saturation": 0.33936651583710414, "luminosity": 0.5666666666666667}, "5": {"red": 60, "green": 53, "blue": 58, "proportion": 0.09354413702239789, "saturation": 0.06194690265486723, "luminosity": 0.22156862745098038}, "6": {"red": 210, "green": 165, "blue": 136, "proportion": 0.0922266139657444, "saturation": 0.45121951219512185, "luminosity": 0.6784313725490196}, "7": {"red": 231, "green": 220, "blue": 202, "proportion": 0.07509881422924901, "saturation": 0.3766233766233766, "luminosity": 0.8490196078431372}, "8": {"red": 23, "green": 20, "blue": 21, "proportion": 0.052700922266139656, "saturation": 0.06976744186046512, "luminosity": 0.08431372549019608}, "9": {"red": 142, "green": 142, "blue": 139, "proportion": 0.048748353096179184, "saturation": 0.013100436681222785, "luminosity": 0.5509803921568628}, "10": {"red": 180, "green": 177, "blue": 170, "proportion": 0.04084321475625823, "saturation": 0.06250000000000014, "luminosity": 0.6862745098039216}}, "click_through": {"1": {"red": 211, "green": 215, "blue": 223, "proportion": 0.20064588598708227, "saturation": 0.15789473684210542, "luminosity": 0.8509803921568627}, "2": {"red": 239, "green": 241, "blue": 241, "proportion": 0.16011420013104932, "saturation": 0.06666666666666642, "luminosity": 0.9411764705882353}, "3": {"red": 3, "green": 3, "blue": 4, "proportion": 0.11508939436487878, "saturation": 0.14285714285714285, "luminosity": 0.013725490196078431}, "4": {"red": 188, "green": 192, "blue": 201, "proportion": 0.11209398109145371, "saturation": 0.10743801652892546, "luminosity": 0.7627450980392156}, "5": {"red": 60, "green": 62, "blue": 68, "proportion": 0.0824674716839839, "saturation": 0.0625, "luminosity": 0.25098039215686274}, "6": {"red": 82, "green": 90, "blue": 89, "proportion": 0.07624262847514743, "saturation": 0.046511627906976744, "luminosity": 0.33725490196078434}, "7": {"red": 144, "green": 135, "blue": 138, "proportion": 0.0644949920434335, "saturation": 0.038961038961038946, "luminosity": 0.5470588235294118}, "8": {"red": 167, "green": 165, "blue": 169, "proportion": 0.06402695871946082, "saturation": 0.022727272727272645, "luminosity": 0.6549019607843137}, "9": {"red": 113, "green": 111, "blue": 117, "proportion": 0.06374613872507723, "saturation": 0.02631578947368418, "luminosity": 0.44705882352941173}, "10": {"red": 34, "green": 35, "blue": 41, "proportion": 0.061078348778433024, "saturation": 0.09333333333333338, "luminosity": 0.14705882352941177}}}, "videos_data": {"has_video": 1, "number_of_videos": 1, "videos_length": {"c9e64cece28a685e5b7f2cb0002aa486": 15.08}}, "direction": {"direction": "no direction"}, "adunit_sizes": {"size_x": 600, "size_y": 900}}}}